-- Insert placeholder data for project.student
INSERT INTO project.student (student_id, firstname, lastname, class) VALUES
(1, 'Gijs', 'Jansen', '6STEM1'),
(2, 'Sarah', 'Bakker', '6STEM2'),
(3, 'Lukas', 'de Vries', '6STEM1'),
(4, 'Emma', 'Smit', '6STEM3'),
(5, 'Milan', 'Meijer', '6STEM2'),
(6,  'Noor', 'van den Berg', '6STEM1'),
(7,  'Daan', 'Janssen', '6STEM3'),
(8,  'Fleur', 'Mulder', '6STEM2'),
(9,  'Bram', 'Hendriks', '6STEM1'),
(10, 'Lisa', 'Peters', '6STEM2'),
(11, 'Jasper', 'Vermeer', '6STEM3'),
(12, 'Amber', 'Bosman', '6STEM1'),
(13, 'Thijs', 'Willems', '6STEM3'),
(14, 'Roos', 'Lammers', '6STEM3'),
(15, 'Kevin', 'Stam', '6STEM1'),
(16, 'Olivia', 'Groen', '6STEM2'),
(17, 'Lars', 'Vos', '6STEM3'),
(18, 'Hanne', 'Dekker', '6STEM2'),
(19, 'Sven', 'Hoekstra', '6STEM1'),
(20, 'Zoë', 'van Dijk', '6STEM3');

-- Insert placeholder data for project.teacher
INSERT INTO project.teacher (teacher_id, firstname, lastname) VALUES
(1, 'Hendrik', 'van Dam'),
(2, 'Sophie', 'de Jong'),
(3, 'Thomas', 'Visser'),
(4, 'Marieke',  'van Leeuwen'),
(5, 'Pieter',   'Brouwer'),
(6, 'Ingrid',   'Scholten');

INSERT INTO project.category (category_id, name) VALUES
(1, 'Academisch'),
(2, 'Persoonlijke Groei'),
(3, 'Samenwerking & gedrag'),
(4, 'Schoolbetrokkenheid'),
(5, 'Speciale achievements');

-- Insert placeholder data for project.achievement
INSERT INTO project.achievement (achievement_id, title, requirement, category_id) VALUES
(1, 'De Doorzetter', '3 toetsen op rij verbeterd t.o.v. vorige score',1),
(2, 'Topscore', '90% of hoger op een toets',1),
(3, 'Constante Kracht', '5 toetsen op rij boven de 75%',1),
(4, 'Deadline Master', '10 opdrachten op tijd ingeleverd',1),
(5, 'Perfecte Planning', 'Alle taken een maand lang op tijd af',1),
(6, 'De Studiekrijger', '10 uur extra zelfstudie in een week',1),
(7, 'De Vakexpert', 'Beste score van de klas in een vak',1),
(8, 'De Volhouder', 'Geen enkele opdracht gemist in een trimester',1),
(9, 'De Slimme Strategie', 'Merkbare verbetering na gebruik van een nieuwe studiemethode',1),
(10, 'Growth Mindset Hero', 'Actief feedback gevraagd én toegepast',2),
(11, 'Foutenmaker (positief!)', 'Een fout gedeeld en ervan geleerd',2),
(12, 'De Nieuwsgierige', 'Extra vragen gesteld in 5 verschillende lessen',2),
(13, 'Stap Voor Stap', 'Kleine maar consistente vooruitgang over tijd',2),
(14, 'Comfortzone Crusher', 'Iets gedaan buiten je comfortzone (presentatie, debat, etc.)',2),
(15, 'Teamplayer', 'Positieve bijdrage in een groepsproject',3),
(16, 'De Helper', 'Een klasgenoot geholpen met leerstof',3),
(17, 'Respect Master', 'Geen waarschuwingen/negatief gedrag gedurende X weken',3),
(18, 'De Bruggenbouwer', 'Conflicten helpen oplossen',3),
(19, 'Actieve Deelnemer', 'Regelmatig constructief deelnemen aan lessen',3),
(20, 'De Aanwezige', 'Perfecte aanwezigheid voor een periode',4),
(21, 'Punctuality Pro', 'Altijd op tijd in de les',4),
(22, 'De Vertegenwoordiger', 'Deelgenomen aan leerlingenraad',4),
(23, 'De Comeback Kid', 'Sterke verbetering na een slechte periode',5),
(24, 'De Alleskunner', 'Goede prestaties in meerdere vakken tegelijk',5),
(25, 'De Legende', 'Uitzonderlijke inzet of prestatie (door leerkracht toegekend)',5);

-- Insert placeholder data for project.award
INSERT INTO project.award (award_id, student_id, achievement_id, awarded_by, date_awarded) VALUES
(1, 1, 2, 1, '2024-01-15'),
(2, 2, 15, 2, '2024-02-10'),
(3, 3, 20, 3, '2024-03-01'),
(4, 4, 25, 1, '2024-03-15'),
(5, 5, 1, 2, '2024-03-20'),
(6,  6,  15, 2, '2024-01-20'),
(7,  6,  19, 3, '2024-02-14'),
(8,  7,   2, 1, '2024-01-25'),
(9,  7,  10, 4, '2024-03-05'),
(10, 7,   4, 4, '2024-04-10'),
(11, 8,  20, 3, '2024-02-01'),
(12, 8,  21, 3, '2024-02-01'),
(13, 8,  16, 2, '2024-03-18'),
(14, 9,   1, 5, '2024-01-30'),
(15, 9,  13, 5, '2024-03-22'),
(16, 3,   3, 1, '2024-04-02'),
(17, 10,  7, 1, '2024-02-20'),
(18, 10, 24, 1, '2024-03-28'),
(19, 11,  8, 2, '2024-02-25'),
(20, 11,  5, 4, '2024-04-05'),
(21, 20, 23, 6, '2024-04-12'),
(22, 4,  17, 3, '2024-04-18'),
(23, 12, 11, 5, '2024-02-08'),
(24, 12, 14, 5, '2024-03-14'),
(25, 13, 12, 6, '2024-02-12'),
(26, 5,  16, 2, '2024-04-01'),
(27, 14,  9, 4, '2024-01-22'),
(28, 14, 10, 4, '2024-02-27'),
(29, 16, 18, 2, '2024-03-25'),
(30, 17,  2, 1, '2024-01-28'),
(31, 17,  7, 1, '2024-03-03'),
(32, 18, 15, 2, '2024-02-16'),
(33, 18, 19, 2, '2024-03-30'),
(34, 19, 25, 6, '2024-04-15'),
(35, 19,  1, 5, '2024-02-22'),
(36, 19, 23, 6, '2024-04-20');
